{
  "id": "shared-compendiums",
  "title": "Shared Compendiums",
  "description": "Personal compendium-sharing module.",
  "authors": [
    {
      "name": "Me"
    }
  ],
  "version": "1.0.0",
  "compatibility": {
    "minimum": 10,
    "verified": 10,
    "maximum": 10
  },
  "packs": [
    {
      "name": "scenes",
      "label": "Shared Scenes",
      "path": "packs/scenes.db",
      "type": "Scene",
      "module": "shared-compendiums"
    },
    {
      "name": "actors",
      "label": "Shared Actors",
      "path": "packs/actors.db",
      "type": "Actor",
      "module": "shared-compendiums",
      "system": "dnd5e"
    },
    {
      "name": "items",
      "label": "Shared Items",
      "path": "packs/items.db",
      "type": "Item",
      "module": "shared-compendiums",
      "system": "dnd5e"
    },
    {
      "name": "journalentries",
      "label": "Shared Journal Entries",
      "path": "packs/journalentries.db",
      "type": "JournalEntry",
      "module": "shared-compendiums"
    },
    {
      "name": "rolltables",
      "label": "Shared Roll Tables",
      "path": "packs/rolltables.db",
      "type": "RollTable",
      "module": "shared-compendiums"
    },
    {
      "name": "playlists",
      "label": "Shared Playlists",
      "path": "packs/playlists.db",
      "type": "Playlist",
      "module": "shared-compendiums"
    },
    {
      "name": "macros",
      "label": "Shared Macros",
      "path": "packs/macros.db",
      "type": "Macro",
      "module": "shared-compendiums"
    },
    {
      "name": "cards",
      "label": "Shared Cards",
      "path": "packs/cards.db",
      "type": "Cards",
      "module": "shared-compendiums"
    },
    {
      "name": "adventures",
      "label": "Shared Adventures",
      "path": "packs/adventures.db",
      "type": "Adventure",
      "module": "shared-compendiums",
      "system": "dnd5e"
    }
  ]
}
